[
   {
      "name":"Afghan Afghani",
      "code":"AFN",
      "divisibility":2,
      "symbol":null,
      "crypto":false
   },
   {
      "name":"Bitcoin",
      "code":"BTC",
      "divisibility":8,
      "symbol":"₿",
      "crypto":true
   },
   {
      "name":"Euro",
      "code":"EUR",
      "divisibility":2,
      "symbol":"€",
      "crypto":false
   },
   {
      "name":"Albanian Lek",
      "code":"ALL",
      "divisibility":2,
      "symbol":null,
      "crypto":false
   },
   {
      "name":"Algerian Dinar",
      "code":"DZD",
      "divisibility":2,
      "symbol":null,
      "crypto":false
   },
   {
      "name":"US Dollar",
      "code":"USD",
      "divisibility":2,
      "symbol":"$",
      "crypto":false
   },
   {
      "name":"Angolan Kwanza",
      "code":"AOA",
      "divisibility":2,
      "symbol":null,
      "crypto":false
   },
   {
      "name":"East Caribbean Dollar",
      "code":"XCD",
      "divisibility":2,
      "symbol":null,
      "crypto":false
   },
   {
      "name":"Argentine Peso",
      "code":"ARS",
      "divisibility":0,
      "symbol":null,
      "crypto":false
   },
   {
      "name":"Armenian Dram",
      "code":"AMD",
      "divisibility":2,
      "symbol":null,
      "crypto":false
   },
   {
      "name":"Aruban Florin",
      "code":"AWG",
      "divisibility":2,
      "symbol":null,
      "crypto":false
   },
   {
      "name":"Australian Dollar",
      "code":"AUD",
      "divisibility":2,
      "symbol":"A$",
      "crypto":false
   },
   {
      "name":"Azerbaijani Manat",
      "code":"AZN",
      "divisibility":2,
      "symbol":null,
      "crypto":false
   },
   {
      "name":"Bahamian Dollar",
      "code":"BSD",
      "divisibility":2,
      "symbol":null,
      "crypto":false
   },
   {
      "name":"Bahraini Dinar",
      "code":"BHD",
      "divisibility":3,
      "symbol":null,
      "crypto":false
   },
   {
      "name":"Bangladeshi Taka",
      "code":"BDT",
      "divisibility":2,
      "symbol":null,
      "crypto":false
   },
   {
      "name":"Barbadian Dollar",
      "code":"BBD",
      "divisibility":2,
      "symbol":null,
      "crypto":false
   },
   {
      "name":"Belarusian Ruble",
      "code":"BYN",
      "divisibility":2,
      "symbol":null,
      "crypto":false
   },
   {
      "name":"Belarusian Ruble",
      "code":"BYR",
      "divisibility":0,
      "symbol":null,
      "crypto":false
   },
   {
      "name":"Belize Dollar",
      "code":"BZD",
      "divisibility":2,
      "symbol":null,
      "crypto":false
   },
   {
      "name":"CFA Franc BCEAO",
      "code":"XOF",
      "divisibility":0,
      "symbol":null,
      "crypto":false
   },
   {
      "name":"Bermudian Dollar",
      "code":"BMD",
      "divisibility":2,
      "symbol":null,
      "crypto":false
   },
   {
      "name":"Indian Rupee",
      "code":"INR",
      "divisibility":2,
      "symbol":null,
      "crypto":false
   },
   {
      "name":"Bhutanese Ngultrum",
      "code":"BTN",
      "divisibility":2,
      "symbol":null,
      "crypto":false
   },
   {
      "name":"Bolivian Boliviano",
      "code":"BOB",
      "divisibility":2,
      "symbol":null,
      "crypto":false
   },
   {
      "name":"Bolivian Mvdol",
      "code":"BOV",
      "divisibility":2,
      "symbol":null,
      "crypto":false
   },
   {
      "name":"Convertible Mark",
      "code":"BAM",
      "divisibility":2,
      "symbol":null,
      "crypto":false
   },
   {
      "name":"Botswana Pula",
      "code":"BWP",
      "divisibility":2,
      "symbol":null,
      "crypto":false
   },
   {
      "name":"Norwegian Krone",
      "code":"NOK",
      "divisibility":2,
      "symbol":null,
      "crypto":false
   },
   {
      "name":"Brazilian Real",
      "code":"BRL",
      "divisibility":2,
      "symbol":null,
      "crypto":false
   },
   {
      "name":"Brunei Dollar",
      "code":"BND",
      "divisibility":2,
      "symbol":null,
      "crypto":false
   },
   {
      "name":"Bulgarian Lev",
      "code":"BGN",
      "divisibility":2,
      "symbol":null,
      "crypto":false
   },
   {
      "name":"Burundian Franc",
      "code":"BIF",
      "divisibility":0,
      "symbol":null,
      "crypto":false
   },
   {
      "name":"Cape Verdean Escudo",
      "code":"CVE",
      "divisibility":2,
      "symbol":null,
      "crypto":false
   },
   {
      "name":"Cambodian Riel",
      "code":"KHR",
      "divisibility":2,
      "symbol":null,
      "crypto":false
   },
   {
      "name":"CFA Franc BEAC",
      "code":"XAF",
      "divisibility":0,
      "symbol":null,
      "crypto":false
   },
   {
      "name":"Canadian Dollar",
      "code":"CAD",
      "divisibility":2,
      "symbol":"CA$",
      "crypto":false
   },
   {
      "name":"Cayman Islands Dollar",
      "code":"KYD",
      "divisibility":2,
      "symbol":null,
      "crypto":false
   },
   {
      "name":"Chilean Peso",
      "code":"CLP",
      "divisibility":0,
      "symbol":null,
      "crypto":false
   },
   {
      "name":"Unidad de Fomento",
      "code":"CLF",
      "divisibility":4,
      "symbol":null,
      "crypto":false
   },
   {
      "name":"Yuan Renminbi",
      "code":"CNY",
      "divisibility":2,
      "symbol":"CN¥",
      "crypto":false
   },
   {
      "name":"Colombian Peso",
      "code":"COP",
      "divisibility":0,
      "symbol":null,
      "crypto":false
   },
   {
      "name":"Unidad de Valor Real",
      "code":"COU",
      "divisibility":2,
      "symbol":null,
      "crypto":false
   },
   {
      "name":"Comorian Franc",
      "code":"KMF",
      "divisibility":0,
      "symbol":null,
      "crypto":false
   },
   {
      "name":"Congolese Franc",
      "code":"CDF",
      "divisibility":2,
      "symbol":null,
      "crypto":false
   },
   {
      "name":"New Zealand Dollar",
      "code":"NZD",
      "divisibility":2,
      "symbol":"NZ$",
      "crypto":false
   },
   {
      "name":"Costa Rican Colon",
      "code":"CRC",
      "divisibility":2,
      "symbol":null,
      "crypto":false
   },
   {
      "name":"Croatian Kuna",
      "code":"HRK",
      "divisibility":2,
      "symbol":null,
      "crypto":false
   },
   {
      "name":"Cuban Peso",
      "code":"CUP",
      "divisibility":2,
      "symbol":null,
      "crypto":false
   },
   {
      "name":"Peso Convertible",
      "code":"CUC",
      "divisibility":2,
      "symbol":null,
      "crypto":false
   },
   {
      "name":"Netherlands Antillean Guilder",
      "code":"ANG",
      "divisibility":2,
      "symbol":null,
      "crypto":false
   },
   {
      "name":"Czech Koruna",
      "code":"CZK",
      "divisibility":2,
      "symbol":null,
      "crypto":false
   },
   {
      "name":"Danish Krone",
      "code":"DKK",
      "divisibility":2,
      "symbol":null,
      "crypto":false
   },
   {
      "name":"Djiboutian Franc",
      "code":"DJF",
      "divisibility":0,
      "symbol":null,
      "crypto":false
   },
   {
      "name":"Dominican Peso",
      "code":"DOP",
      "divisibility":2,
      "symbol":null,
      "crypto":false
   },
   {
      "name":"Egyptian Pound",
      "code":"EGP",
      "divisibility":2,
      "symbol":null,
      "crypto":false
   },
   {
      "name":"Salvadoran Colon",
      "code":"SVC",
      "divisibility":2,
      "symbol":null,
      "crypto":false
   },
   {
      "name":"Eritrean Nakfa",
      "code":"ERN",
      "divisibility":2,
      "symbol":null,
      "crypto":false
   },
   {
      "name":"Ethiopian Birr",
      "code":"ETB",
      "divisibility":2,
      "symbol":null,
      "crypto":true
   },
   {
      "name":"Falkland Islands Pound",
      "code":"FKP",
      "divisibility":2,
      "symbol":null,
      "crypto":false
   },
   {
      "name":"Fijian Dollar",
      "code":"FJD",
      "divisibility":2,
      "symbol":null,
      "crypto":false
   },
   {
      "name":"CFP Franc",
      "code":"XPF",
      "divisibility":0,
      "symbol":null,
      "crypto":false
   },
   {
      "name":"Gambian Dalasi",
      "code":"GMD",
      "divisibility":2,
      "symbol":null,
      "crypto":false
   },
   {
      "name":"Georgian Lari",
      "code":"GEL",
      "divisibility":2,
      "symbol":null,
      "crypto":false
   },
   {
      "name":"Ghanaian Cedi",
      "code":"GHS",
      "divisibility":2,
      "symbol":null,
      "crypto":false
   },
   {
      "name":"Gibraltar Pound",
      "code":"GIP",
      "divisibility":2,
      "symbol":null,
      "crypto":false
   },
   {
      "name":"Guatemalan Quetzal",
      "code":"GTQ",
      "divisibility":2,
      "symbol":null,
      "crypto":false
   },
   {
      "name":"Pound Sterling",
      "code":"GBP",
      "divisibility":2,
      "symbol":"£",
      "crypto":false
   },
   {
      "name":"Guinean Franc",
      "code":"GNF",
      "divisibility":0,
      "symbol":null,
      "crypto":false
   },
   {
      "name":"Guyanese Dollar",
      "code":"GYD",
      "divisibility":2,
      "symbol":null,
      "crypto":false
   },
   {
      "name":"Haitian Gourde",
      "code":"HTG",
      "divisibility":2,
      "symbol":null,
      "crypto":false
   },
   {
      "name":"Honduran Lempira",
      "code":"HNL",
      "divisibility":2,
      "symbol":null,
      "crypto":false
   },
   {
      "name":"Hong Kong Dollar",
      "code":"HKD",
      "divisibility":2,
      "symbol":null,
      "crypto":false
   },
   {
      "name":"Hungarian Forint",
      "code":"HUF",
      "divisibility":2,
      "symbol":null,
      "crypto":false
   },
   {
      "name":"Icelandic Krona",
      "code":"ISK",
      "divisibility":0,
      "symbol":null,
      "crypto":false
   },
   {
      "name":"Indonesian Rupiah",
      "code":"IDR",
      "divisibility":2,
      "symbol":null,
      "crypto":false
   },
   {
      "name":"Iranian Rial",
      "code":"IRR",
      "divisibility":2,
      "symbol":null,
      "crypto":false
   },
   {
      "name":"Iraqi Dinar",
      "code":"IQD",
      "divisibility":3,
      "symbol":null,
      "crypto":false
   },
   {
      "name":"New Israeli Shekel",
      "code":"ILS",
      "divisibility":2,
      "symbol":null,
      "crypto":false
   },
   {
      "name":"Jamaican Dollar",
      "code":"JMD",
      "divisibility":2,
      "symbol":null,
      "crypto":false
   },
   {
      "name":"Japanese Yen",
      "code":"JPY",
      "divisibility":0,
      "symbol":"¥",
      "crypto":false
   },
   {
      "name":"Jordanian Dinar",
      "code":"JOD",
      "divisibility":3,
      "symbol":null,
      "crypto":false
   },
   {
      "name":"Kazakhstani Tenge",
      "code":"KZT",
      "divisibility":2,
      "symbol":null,
      "crypto":false
   },
   {
      "name":"Kenyan Shilling",
      "code":"KES",
      "divisibility":2,
      "symbol":null,
      "crypto":false
   },
   {
      "name":"North Korean Won",
      "code":"KPW",
      "divisibility":2,
      "symbol":null,
      "crypto":false
   },
   {
      "name":"South Korean Won",
      "code":"KRW",
      "divisibility":0,
      "symbol":"₩",
      "crypto":false
   },
   {
      "name":"Kuwaiti Dinar",
      "code":"KWD",
      "divisibility":3,
      "symbol":null,
      "crypto":false
   },
   {
      "name":"Kyrgyzstani Som",
      "code":"KGS",
      "divisibility":2,
      "symbol":null,
      "crypto":false
   },
   {
      "name":"Lao Kip",
      "code":"LAK",
      "divisibility":2,
      "symbol":null,
      "crypto":false
   },
   {
      "name":"Lebanese Pound",
      "code":"LBP",
      "divisibility":2,
      "symbol":null,
      "crypto":false
   },
   {
      "name":"Lesotho Loti",
      "code":"LSL",
      "divisibility":2,
      "symbol":null,
      "crypto":false
   },
   {
      "name":"South African Rand",
      "code":"ZAR",
      "divisibility":2,
      "symbol":null,
      "crypto":false
   },
   {
      "name":"Liberian Dollar",
      "code":"LRD",
      "divisibility":2,
      "symbol":null,
      "crypto":false
   },
   {
      "name":"Libyan Dinar",
      "code":"LYD",
      "divisibility":3,
      "symbol":null,
      "crypto":false
   },
   {
      "name":"Swiss Franc",
      "code":"CHF",
      "divisibility":2,
      "symbol":null,
      "crypto":false
   },
   {
      "name":"Macanese Pataca",
      "code":"MOP",
      "divisibility":2,
      "symbol":null,
      "crypto":false
   },
   {
      "name":"Macedonian Denar",
      "code":"MKD",
      "divisibility":2,
      "symbol":null,
      "crypto":false
   },
   {
      "name":"Malagasy Ariary",
      "code":"MGA",
      "divisibility":2,
      "symbol":null,
      "crypto":false
   },
   {
      "name":"Malawian Kwacha",
      "code":"MWK",
      "divisibility":2,
      "symbol":null,
      "crypto":false
   },
   {
      "name":"Malaysian Ringgit",
      "code":"MYR",
      "divisibility":2,
      "symbol":null,
      "crypto":false
   },
   {
      "name":"Maldivian Rufiyaa",
      "code":"MVR",
      "divisibility":2,
      "symbol":null,
      "crypto":false
   },
   {
      "name":"Mauritanian Ouguiya",
      "code":"MRO",
      "divisibility":2,
      "symbol":null,
      "crypto":false
   },
   {
      "name":"Mauritian Rupee",
      "code":"MUR",
      "divisibility":2,
      "symbol":null,
      "crypto":false
   },
   {
      "name":"Mexican Peso",
      "code":"MXN",
      "divisibility":2,
      "symbol":null,
      "crypto":false
   },
   {
      "name":"Mexican Unidad de Inversion (UDI)",
      "code":"MXV",
      "divisibility":2,
      "symbol":null,
      "crypto":false
   },
   {
      "name":"Moldovan Leu",
      "code":"MDL",
      "divisibility":2,
      "symbol":null,
      "crypto":false
   },
   {
      "name":"Mongolian Tugrik",
      "code":"MNT",
      "divisibility":2,
      "symbol":null,
      "crypto":false
   },
   {
      "name":"Moroccan Dirham",
      "code":"MAD",
      "divisibility":2,
      "symbol":null,
      "crypto":false
   },
   {
      "name":"Mozambican Metical",
      "code":"MZN",
      "divisibility":2,
      "symbol":null,
      "crypto":false
   },
   {
      "name":"Myanmar Kyat",
      "code":"MMK",
      "divisibility":2,
      "symbol":null,
      "crypto":false
   },
   {
      "name":"Namibian dollar",
      "code":"NAD",
      "divisibility":2,
      "symbol":null,
      "crypto":false
   },
   {
      "name":"Nepalese Rupee",
      "code":"NPR",
      "divisibility":2,
      "symbol":null,
      "crypto":false
   },
   {
      "name":"Nicaraguan Cordoba",
      "code":"NIO",
      "divisibility":2,
      "symbol":null,
      "crypto":false
   },
   {
      "name":"Nigerian Naira",
      "code":"NGN",
      "divisibility":2,
      "symbol":null,
      "crypto":false
   },
   {
      "name":"Omani Rial",
      "code":"OMR",
      "divisibility":3,
      "symbol":null,
      "crypto":false
   },
   {
      "name":"Pakistani Rupee",
      "code":"PKR",
      "divisibility":2,
      "symbol":null,
      "crypto":false
   },
   {
      "name":"Panamanian Balboa",
      "code":"PAB",
      "divisibility":2,
      "symbol":null,
      "crypto":false
   },
   {
      "name":"Papua New Guinean Kina",
      "code":"PGK",
      "divisibility":2,
      "symbol":null,
      "crypto":false
   },
   {
      "name":"Paraguayan Guarani",
      "code":"PYG",
      "divisibility":0,
      "symbol":null,
      "crypto":false
   },
   {
      "name":"Peruvian Sol",
      "code":"PEN",
      "divisibility":2,
      "symbol":null,
      "crypto":false
   },
   {
      "name":"Philippine Peso",
      "code":"PHP",
      "divisibility":2,
      "symbol":null,
      "crypto":false
   },
   {
      "name":"Polish Zloty",
      "code":"PLN",
      "divisibility":2,
      "symbol":null,
      "crypto":false
   },
   {
      "name":"Qatari Rial",
      "code":"QAR",
      "divisibility":2,
      "symbol":null,
      "crypto":false
   },
   {
      "name":"Romanian Leu",
      "code":"RON",
      "divisibility":2,
      "symbol":null,
      "crypto":false
   },
   {
      "name":"Russian Ruble",
      "code":"RUB",
      "divisibility":2,
      "symbol":null,
      "crypto":false
   },
   {
      "name":"Rwandan Franc",
      "code":"RWF",
      "divisibility":0,
      "symbol":null,
      "crypto":false
   },
   {
      "name":"Saint Helena Pound",
      "code":"SHP",
      "divisibility":2,
      "symbol":null,
      "crypto":false
   },
   {
      "name":"Samoan Tala",
      "code":"WST",
      "divisibility":2,
      "symbol":null,
      "crypto":false
   },
   {
      "name":"São Tomé and Príncipe sDobra",
      "code":"STD",
      "divisibility":2,
      "symbol":null,
      "crypto":false
   },
   {
      "name":"Saudi Riyal",
      "code":"SAR",
      "divisibility":2,
      "symbol":null,
      "crypto":false
   },
   {
      "name":"Serbian Dinar",
      "code":"RSD",
      "divisibility":2,
      "symbol":null,
      "crypto":false
   },
   {
      "name":"Seychellois Rupee",
      "code":"SCR",
      "divisibility":2,
      "symbol":null,
      "crypto":false
   },
   {
      "name":"Sierra Leonean Leone",
      "code":"SLL",
      "divisibility":2,
      "symbol":null,
      "crypto":false
   },
   {
      "name":"Singapore Dollar",
      "code":"SGD",
      "divisibility":2,
      "symbol":null,
      "crypto":false
   },
   {
      "name":"Solomon Islands Dollar",
      "code":"SBD",
      "divisibility":2,
      "symbol":null,
      "crypto":false
   },
   {
      "name":"Somali Shilling",
      "code":"SOS",
      "divisibility":2,
      "symbol":null,
      "crypto":false
   },
   {
      "name":"South Sudanese Pound",
      "code":"SSP",
      "divisibility":2,
      "symbol":null,
      "crypto":false
   },
   {
      "name":"Sri Lankan Rupee",
      "code":"LKR",
      "divisibility":2,
      "symbol":null,
      "crypto":false
   },
   {
      "name":"Sudanese Pound",
      "code":"SDG",
      "divisibility":2,
      "symbol":null,
      "crypto":false
   },
   {
      "name":"Surinamese Dollar",
      "code":"SRD",
      "divisibility":2,
      "symbol":null,
      "crypto":false
   },
   {
      "name":"Swazi Lilangeni",
      "code":"SZL",
      "divisibility":2,
      "symbol":null,
      "crypto":false
   },
   {
      "name":"Swedish Krona",
      "code":"SEK",
      "divisibility":2,
      "symbol":null,
      "crypto":false
   },
   {
      "name":"WIR Euro",
      "code":"CHE",
      "divisibility":2,
      "symbol":null,
      "crypto":false
   },
   {
      "name":"WIR Franc",
      "code":"CHW",
      "divisibility":2,
      "symbol":null,
      "crypto":false
   },
   {
      "name":"Syrian Pound",
      "code":"SYP",
      "divisibility":2,
      "symbol":null,
      "crypto":false
   },
   {
      "name":"New Taiwan Dollar",
      "code":"TWD",
      "divisibility":2,
      "symbol":null,
      "crypto":false
   },
   {
      "name":"Tajikistani Somoni",
      "code":"TJS",
      "divisibility":2,
      "symbol":null,
      "crypto":false
   },
   {
      "name":"Tanzanian Shilling",
      "code":"TZS",
      "divisibility":2,
      "symbol":null,
      "crypto":false
   },
   {
      "name":"Thai Baht",
      "code":"THB",
      "divisibility":2,
      "symbol":null,
      "crypto":false
   },
   {
      "name":"Tongan paʻanga",
      "code":"TOP",
      "divisibility":2,
      "symbol":null,
      "crypto":false
   },
   {
      "name":"Trinidad and Tobago Dollar",
      "code":"TTD",
      "divisibility":2,
      "symbol":null,
      "crypto":false
   },
   {
      "name":"Tunisian Dinar",
      "code":"TND",
      "divisibility":3,
      "symbol":null,
      "crypto":false
   },
   {
      "name":"Turkish Lira",
      "code":"TRY",
      "divisibility":2,
      "symbol":null,
      "crypto":false
   },
   {
      "name":"Turkmenistani Manat",
      "code":"TMT",
      "divisibility":2,
      "symbol":null,
      "crypto":false
   },
   {
      "name":"Ugandan Shilling",
      "code":"UGX",
      "divisibility":0,
      "symbol":null,
      "crypto":false
   },
   {
      "name":"Ukrainian Hryvnia",
      "code":"UAH",
      "divisibility":2,
      "symbol":null,
      "crypto":false
   },
   {
      "name":"UAE Dirham",
      "code":"AED",
      "divisibility":2,
      "symbol":null,
      "crypto":false
   },
   {
      "name":"US Dollar (Next day)",
      "code":"USN",
      "divisibility":2,
      "symbol":null,
      "crypto":false
   },
   {
      "name":"Uruguayan Peso",
      "code":"UYU",
      "divisibility":2,
      "symbol":null,
      "crypto":false
   },
   {
      "name":"Uruguay Peso en Unidades Indexadas (URUIURUI)",
      "code":"UYI",
      "divisibility":0,
      "symbol":null,
      "crypto":false
   },
   {
      "name":"Uzbekistani Sum",
      "code":"UZS",
      "divisibility":2,
      "symbol":null,
      "crypto":false
   },
   {
      "name":"Vanuatu Vatu",
      "code":"VUV",
      "divisibility":0,
      "symbol":null,
      "crypto":false
   },
   {
      "name":"Venezuelan Bolívar",
      "code":"VEF",
      "divisibility":2,
      "symbol":null,
      "crypto":false
   },
   {
      "name":"Vietnamese Dong",
      "code":"VND",
      "divisibility":0,
      "symbol":null,
      "crypto":false
   },
   {
      "name":"Yemeni Rial",
      "code":"YER",
      "divisibility":2,
      "symbol":null,
      "crypto":false
   },
   {
      "name":"Zambian Kwacha",
      "code":"ZMW",
      "divisibility":2,
      "symbol":null,
      "crypto":false
   },
   {
      "name":"Zimbabwean Dollar",
      "code":"ZWL",
      "divisibility":2,
      "symbol":null,
      "crypto":false
   },
   {
      "name":"LBTC",
      "code":"LBTC",
      "divisibility":8,
      "symbol":null,
      "crypto":true
   },
   {
      "name":"LCAD",
      "code":"LCAD",
      "divisibility":8,
      "symbol":null,
      "crypto":true
   },
   {
      "name":"LTC",
      "code":"LTC",
      "divisibility":8,
      "symbol":null,
      "crypto":true
   },
   {
      "name":"BTX",
      "code":"BTX",
      "divisibility":8,
      "symbol":null,
      "crypto":true
   },
   {
      "name":"DOGE",
      "code":"DOGE",
      "divisibility":8,
      "symbol":null,
      "crypto":true
   },
   {
      "name":"BTG",
      "code":"BTG",
      "divisibility":8,
      "symbol":null,
      "crypto":true
   },
   {
      "name":"MONA",
      "code":"MONA",
      "divisibility":8,
      "symbol":null,
      "crypto":true
   },
   {
      "name":"DASH",
      "code":"DASH",
      "divisibility":8,
      "symbol":null,
      "crypto":true
   },
   {
      "name":"FTC",
      "code":"FTC",
      "divisibility":8,
      "symbol":null,
      "crypto":true
   },
   {
      "name":"GRS",
      "code":"GRS",
      "divisibility":8,
      "symbol":null,
      "crypto":true
   },
   {
      "name":"VIA",
      "code":"VIA",
      "divisibility":8,
      "symbol":null,
      "crypto":true
   },
   {
      "name":"XMR",
      "code":"XMR",
      "divisibility":12,
      "symbol":null,
      "crypto":true
   },
   {
      "name":"YEC",
      "code":"YEC",
      "divisibility":8,
      "symbol":null,
      "crypto":true
   },
   {
      "name":"ZEC",
      "code":"ZEC",
      "divisibility":8,
      "symbol":null,
      "crypto":true
   },
   {
      "name":"Htmlcoin",
      "code":"HTML",
      "divisibility":8,
      "symbol":null,
      "crypto":true
   },
   {
      "name":"CHC",
      "code":"CHC",
      "divisibility":8,
      "symbol":null,
      "crypto":true
   },
   {
      "name":"Argoneum",
      "code":"AGM",
      "divisibility":8,
      "symbol":null,
      "crypto":true
   },
   {
      "name":"MonetaryUnit",
      "code":"MUE",
      "divisibility":8,
      "symbol":null,
      "crypto":true
   },
   {
      "name":"Satoshis",
      "code":"SATS",
      "divisibility":0,
      "symbol":"sats",
      "crypto":true
   },
   {
       "name": "Ethereum",
       "code": "ETH",
       "divisibility": 18,
       "symbol": null,
       "crypto": true
   },
   {
       "name":"FaucetToken",
       "code":"FAU",
       "divisibility":18,
       "symbol":null,
       "crypto":true
   }
]
